id,name,main_cate_id,sub_cate_id,region_id,city_id,info,description,price,stock,duration,booking_start_at,booking_end_at,views,published_at,unpublished_at,created_at,updated_at,is_valid
1,【富國島夢幻三島巡航】跳島浮潛一日遊：Mong Tay、Gam Ghi、May Rut,1,1,4,14,跳上船一起探索富國島附近的三個美妙島嶼吧！在 Gam Ghi 和 Mong Tay 群島浮潛時，可以看到各種各樣的珊瑚礁。在 May Rut 島的原始海灘上放鬆身心，結束您的一天。,"📝 行程介紹
乘著清晨的陽光，我們將展開一段難忘的夢幻跳島之旅。
此行程將帶你探索富國島南方三座最迷人的離島 —— Mong Tay、Gam Ghi 與 May Rut，每一座島嶼都擁有獨特魅力與原始風光。
無論是潛入珊瑚海域欣賞繽紛海底世界，或是在潔白沙灘上享受靜謐時光，都能讓身心完全放鬆。
整段行程以舒適快艇連接每個島嶼，搭配貼心服務與美味午餐，適合情侶、朋友與家庭出遊。
準備好讓海風吹散煩憂，留下陽光與笑聲的回憶吧！☀️🌊

📅 第1天
🕗 08:00｜飯店接送／集合出發
專車將前往各大飯店接送旅客，集合後前往港口展開今天的跳島之旅。

🚤 09:00｜搭乘快艇啟航，前往 Mong Tay 島
在富國島的蔚藍海域上飛馳，清晨的海風吹來清新氣息。
首先抵達被譽為“指甲島”的 Mong Tay 島，這裡以白沙灘與靜謐海岸聞名，是拍照與短暫漫步的絕佳地點。

🤿 10:00｜浮潛體驗＠Gam Ghi 島海域
抵達 Gam Ghi 島後，進行當日最精彩的活動之一 —— 浮潛！
這裡的海域擁有富國島最壯觀的珊瑚礁群，繽紛熱帶魚就在你眼前穿梭，帶來前所未有的驚喜體驗。

🏝️ 12:00｜登上 May Rut 島享用午餐與自由活動
May Rut 島被譽為富國島最純淨的沙灘與椰林。
享用當地風味海鮮午餐後，可在吊床上小憩、海邊戲水，或於島上咖啡小館享受悠閒時光。

🛍️ 14:30｜拍照與購買手作紀念品
自由時間內，你可選購島上手工藝品與特色商品，留下美好紀念。
此時陽光柔和，是拍照留影的最佳時刻。

⛴️ 15:30｜搭船返回富國島本島港口
結束這段豐富的跳島行程，搭乘快艇緩緩返航，回顧這天的陽光、海浪與笑聲。

🚐 16:30｜送返飯店，結束行程
抵達港口後，專車將送你返回飯店，結束這段豐富又悠閒的跳島一日遊。",2300,17,1,2025/7/5 00:00,2025/8/2 00:00,177,2025/6/29 00:00,NULL,2025/6/24 00:00,2025/6/28 00:00,1
2,【深入戰爭歷史】胡志明出發古芝地道探秘半日遊,1,1,3,10,探索傳奇的古芝地道，這是越南戰爭期間使用的長達 220 公里的地道網絡。 這個英雄的地區距離胡志明市 60 公里，可以讓人一窺越南的戰爭歷史。,"從胡志明市出發，深入探索越南最具歷史意義的地下戰爭遺址——古芝地道。
這段半日旅程將帶你進入一個極具震撼的時光隧道，回到戰火紛飛的年代，親身體驗越南人民在極端條件下的堅韌與智慧。

古芝地道總長超過 220 公里，是越戰期間越共游擊隊的重要據點。你將有機會實地走入狹窄地道、參觀地下會議室、廚房與彈藥室，了解當時如何在地底生活與作戰。此外，導覽人員將以中文或英文詳細解說，使你更容易理解戰爭背後的故事與精神。

整趟旅程時間雖短，卻充滿震撼與教育意義，特別適合對歷史、軍事與文化有興趣的旅客。📜

📅 第1天
🕗 07:30｜飯店接送集合
專車前往市區各大飯店接送旅客，集合後準時出發前往古芝地道。
沿途導遊將簡介今日行程與古芝地區的歷史背景。

🚐 08:30｜前往古芝地道區（距離約 60 公里）
車程約 1.5 小時，途中穿越胡志明近郊鄉村，兩旁可見稻田、橡膠林與當地村落。

📽️ 10:00｜觀看歷史紀錄短片
抵達後，首先進入展示廳觀看越戰期間的歷史影片，了解古芝地道的重要性與建設背景。

🕳️ 10:30｜實地探訪地道區域
在導遊帶領下，參觀包括：偽裝入口、陷阱示範、彈藥製造所、地底醫院與會議室。
你也可嘗試親身進入模擬地道，體驗當年游擊隊員所經歷的艱困與壓迫。

🍠 11:30｜品嚐當地游擊餐點
行程最後將品嚐地道中典型的「游擊隊炊事餐」──烤地瓜與木薯，感受戰時生活的簡樸與堅韌。

🚌 12:00｜返回胡志明市
結束行程，搭乘專車返回市區，沿途可再次欣賞郊區風景與交流行程心得。

🕐 13:30｜抵達飯店，行程結束
抵達後送返至原住宿地點，這段深度而緊湊的歷史之旅圓滿結束，留下滿滿反思與記憶。",800,16,1,2025/3/12 00:00,2025/7/2 00:00,377,2025/3/9 00:00,NULL,2025/2/27 00:00,2025/2/28 00:00,1
3,【海岸風情輕旅行】頭頓經典一日遊：基督君王雕像＋白宮探訪,1,1,3,10,頭頓一日遊，參觀基督君王雕像與白宮，感受越南海濱城市的宗教與歷史魅力。,"展開一場融合宗教、歷史與自然景致的輕旅行，前往越南南部海濱城市——頭頓。
本行程將帶你登上海拔高處俯瞰海景的「基督君王雕像」，造訪融合殖民風情與越南文化的「白宮」，並深入當地生活場域。這是一次既輕鬆又豐富的文化巡禮，一天內即可感受到頭頓的獨特魅力與多元歷史風貌。

適合喜歡拍照、文化體驗與大自然景觀的旅客，也是一趟非常適合親子與長輩同行的溫和旅程。

📅 第1天
🕗 07:30｜胡志明市出發，開啟海濱文化之旅
從胡志明市市區集合出發，搭乘專車前往頭頓市，沿途欣賞鄉村與海岸風光，車程約 2.5 小時。

🗽 10:00｜登頂基督君王雕像，俯瞰無敵海景
抵達後，首先前往矗立於小山丘上的「基督君王雕像」，這座雕像高達 32 公尺，雙臂展開達 18 公尺，是越南重要地標之一。你可沿著台階登頂，眺望整片南中國海壯麗風光，享受片刻寧靜與心靈洗滌。

🏛️ 11:30｜白宮參觀，漫步歷史長廊
接著前往頭頓白宮（Bach Dinh），這座殖民時期的法式建築過去曾作為法國總督的避暑行宮。館內展示著歷史文物與古董家具，從建築結構到展示品皆能感受殖民與在地文化交融的軌跡。

🍽️ 12:30｜海景午餐，品味在地風味
前往當地餐廳享用海鮮午餐（可依套餐內容調整），邊享用料理邊欣賞海天一線的景色，是補充體力與拍照的絕佳時機。

🏖️ 14:00｜自由時間探索沙灘或咖啡館
用完午餐後，安排自由活動時間。你可漫步於沙灘，拍攝美照，或前往市區特色咖啡店小歇一會，感受頭頓悠閒的生活節奏。

🚌 15:30｜集合返程，沿途欣賞海岸風光
集合後搭車返回胡志明市，結束一天精彩的頭頓文化旅程。

🕕 18:00｜抵達胡志明市，行程圓滿落幕
專車送回原住宿地點，留下滿滿回憶與滿足心情。
",950,0,1,2025/4/15 00:00,2025/8/18 00:00,526,2025/4/7 00:00,NULL,2025/4/3 00:00,2025/4/8 00:00,1
4,【穿越皇城歲月】峴港出發順化古都深度一日遊,1,1,2,9,峴港出發前往順化古都，走進皇城、皇陵，體驗越南王朝的歷史氣息與文化深度。,"從峴港出發，展開一場穿越時空的古都之旅。
順化作為阮朝的首都，至今保留了完整的皇城、帝陵與歷史遺跡，是探索越南歷史與文化不可錯過的一站。本行程將帶你深入順化皇城、參觀著名的帝王陵寢，還有沿香江而行的詩意之美，讓你感受到昔日王朝的風采與現代城市的靜謐融合。

📅 第1天
🕗 07:30｜峴港飯店接送，前往順化
專車於早上從峴港市區出發，沿途經過海雲嶺，欣賞中越海岸線的壯麗景色，預計車程約 2.5 小時。

🏯 10:00｜探訪順化皇城，重返古越王朝
首先參觀順化皇城（Imperial City），這是昔日阮朝皇室的宮廷建築群，被聯合國列為世界文化遺產。
你將穿越午門、太和殿、紫禁城等歷史遺跡，了解皇室生活、建築美學與越南封建歷史。

🪦 11:30｜前往帝王陵墓，感受王者氣息
接續前往知名的明命陵或凱定陵（視當日安排而定），這些陵墓融合自然景觀與精緻建築，展現皇帝對永恆的想像與權力象徵。導覽員將介紹陵墓中的象徵符號與歷史背景。

🍽️ 12:30｜享用越式午餐，補充能量
在當地特色餐廳享用午餐，品嚐順化當地的傳統美食，如順化牛肉河粉、糕點或宮廷料理，體驗昔日皇家的飲食文化。

🏞️ 14:00｜乘船遊香江，訪天姥寺
下午安排香江（Perfume River）遊船，感受水面涼風與城市靜謐。途中靠岸參觀順化最古老且著名的佛寺「天姥寺（Thien Mu Pagoda）」，塔樓俯瞰香江，是順化最具代表性的宗教地標之一。

🎐 15:30｜自由時間拍照與購物
可選擇在順化老街短暫停留，拍照打卡、選購特色紀念品或品嚐在地甜點，輕鬆感受當地人文氛圍。

🚌 16:30｜專車接回，啟程返回峴港
集合返程，沿著原路欣賞傍晚的中部山海交界景色，回程約 2.5 小時。

🕕 19:00｜抵達峴港，結束一日皇城之旅
專車送回原住宿地點，帶著滿滿歷史記憶與文化感動回程。",1200,0,1,2025/7/3 00:00,2025/8/24 00:00,272,2025/2/26 00:00,NULL,2025/2/18 00:00,NULL,1
5,【水鄉探險趣】湄公河三角洲經典一日遊｜胡志明市出發,1,1,3,13,乘船遊覽、當地村莊和正宗美食，探索湄公河三角洲的魅力。暢遊湄公河三角洲，搭船深入熱帶水鄉，體驗當地生活與自然風光，文化探索一次滿足。,"從胡志明市出發，踏上一場探索越南「東方威尼斯」──湄公河三角洲的水鄉文化之旅。
搭乘傳統小舟穿梭熱帶叢林，造訪當地村莊與果園，品嚐道地美食與手工糖果，深入感受南越人們的生活方式與淳樸人情，給你豐富且難忘的一日體驗。

📅 第1天
🕗 08:00｜集合出發，前往湄公河三角洲
於胡志明市飯店集合出發，搭乘舒適專車前往美拖（My Tho），行車時間約 1.5 小時。導覽員將沿途介紹湄公河的地理與文化背景。

🚤 09:30｜搭船遊湄公河，感受水鄉風情
抵達美拖後登船，開始你的湄公河之旅。沿著寬廣的水道航行，觀賞兩岸椰林與高腳屋風光，體會熱帶河流特有的生態景觀。

🍭 10:30｜參觀傳統椰子糖工坊，體驗手作魅力
靠岸參觀當地的椰子糖工坊，了解傳統糖果的製作流程，還可品嚐新鮮製作的椰子糖與乾果小點，感受職人文化。

🚣‍♀️ 11:30｜手划小舟深入叢林水道，穿梭尼帕棕櫚林
轉乘小型手划船進入狹窄的支流水道，兩岸椰林茂密、陽光灑落水面，是拍照打卡的絕佳場景。體驗安靜又詩意的湄公河支流之美。

🍽️ 12:30｜享用在地風味午餐，補充能量
於當地村莊享用越式風味午餐，包括炸象魚捲餅、越式酸湯與新鮮水果等特色料理，享受豐盛的鄉村饗宴。

🎵 13:30｜欣賞越南傳統音樂，體驗文化交流
午餐後安排當地人演奏傳統南部民謠音樂，搭配水果茶點，感受南越人民的熱情好客與音樂文化的魅力。

🌴 14:30｜參觀果園與蜂蜜園，品嚐天然風味
前往果園與蜂蜜園，了解當地農業生產方式，並試飲蜂蜜茶與品嚐各式熱帶水果，如火龍果、芭樂與山竹。

🚌 15:30｜啟程返回胡志明市
集合搭乘巴士返回胡志明市，沿途回顧今天的豐富行程與難忘經歷。

🕕 17:00｜抵達胡志明市，行程結束
返回原住宿地點，結束精彩的湄公河水鄉探險之旅，滿載回憶與笑容。",1050,35,1,2025/4/25 00:00,2025/7/17 00:00,864,2025/4/15 00:00,2025/7/17 00:00,2025/4/7 00:00,2025/4/9 00:00,1
6,【世界奇景】下龍灣豪華遊輪之旅｜河內出發｜頂級轎車接送,1,1,1,2,下龍灣一日遊豪華遊輪豪華轎車從河內接送，深度體驗越南文化與自然魅力，行程豐富精彩不容錯過。,"展開下龍灣的奢華一日遊，從河內搭乘頂級專車出發，享受尊榮接送與全程貼心服務。搭乘五星級豪華遊輪，探索世界自然遺產——下龍灣壯麗奇岩與海上洞穴，並享受船上精緻美食、划獨木舟與探險活動，讓你在短短一天中擁有難忘海上體驗。

📅 第1天
🚗 07:00｜河內出發，尊榮轎車接送
從河內市中心飯店出發，搭乘舒適的高級轎車前往下龍灣，沿途欣賞北越鄉間景致，行車約 2.5 小時，提供礦泉水與簡易早餐。

🛥️ 09:30｜抵達下龍碼頭，登船開啟奇景之旅
抵達後由專人引導登上豪華遊輪，歡迎飲品與簡單導覽介紹船上設施。船艙設備完善，提供舒適的休憩空間與寬敞甲板。

🪨 10:00｜啟航遊覽下龍灣，探索奇岩怪石
航行於壯麗的石灰岩島嶼之間，船長將特別介紹雞公石、鬥雞石等著名自然地標。相機準備好，隨時捕捉驚艷景色。

🏞️ 11:00｜參觀驚訝洞（Sung Sot Cave），奇幻鐘乳石世界
靠岸登陸驚訝洞，步行進入壯麗的石灰岩洞穴。洞內奇形怪狀的鐘乳石構造，宛如童話場景，令人目不暇給。

🍽️ 12:30｜船上享用越式海鮮午餐
返回船上，享用豐盛午餐，包括新鮮海鮮料理、越南春捲、炒飯與當地蔬菜等，眺望海景邊用餐，愜意至極。

🛶 14:00｜獨木舟或竹筏體驗，自由划行於靜謐海灣
於指定水域下船參加自由活動，可選擇划獨木舟或搭乘竹筏近距離探索石灰岩洞穴與清澈海面，體驗自然的寧靜與美麗。

🏖️ 15:00｜自由時光，於甲板曬太陽或拍照留念
回到遊輪後可選擇於上層甲板欣賞風景、拍照打卡，或在船艙內休憩片刻，享受寧靜片刻。

🚗 16:00｜結束航程，返回下龍碼頭
遊輪返回碼頭，結束難忘的海上奇景之旅，準備返回河內。

🚌 16:30｜專車返回河內
搭乘原車返回河內，途中稍作停留休息，回程約 2.5 小時，沿途回顧今日豐富行程。

🕕 19:00｜回到河內，行程結束
預計傍晚時分抵達飯店，結束一天的豪華遊輪體驗，留下無數回憶與美麗影像。",5450,40,1,2025/3/23 00:00,2025/7/19 00:00,953,2025/3/22 00:00,NULL,2025/3/14 00:00,2025/3/18 00:00,1
7,【美奈風光全覽】沙丘、仙女溪、漁村探訪一日遊,1,1,3,12,享受仙女溪的美麗、漁村的當地生活以及著名的紅沙丘。乘坐全地形車或吉普車去冒險。在美奈海灘放鬆身心，享受清爽的海風，恢復活力。在胡志明市體驗有趣和冒險的一天。,"逃離城市喧囂，踏上前往美奈的自然探險之旅！這趟一日遊將帶你深入越南著名的仙女溪、紅白沙丘和漁村，體驗原始風貌與當地生活文化。搭乘吉普車奔馳於沙丘之間，盡覽沙漠與海洋交織的絕美景色，是親近自然與冒險體驗的完美組合！

📅 第1天
🚌 05:00｜從胡志明市出發
清晨出發，搭乘舒適巴士離開城市，前往約 4 小時車程外的美奈，沿途可欣賞越南南部的鄉村風光。

🥐 08:30｜抵達美奈，自由早餐與簡單休息
在當地餐廳享用簡單早餐（自費），稍作休息後準備展開精彩一日遊。

⛱️ 09:00｜白沙丘（White Sand Dunes）探險
搭乘全地形車（ATV）或吉普車，奔馳於壯觀的白沙丘中。這片如月球般的純白沙丘是攝影愛好者的天堂。也可選擇乘坐滑沙板體驗刺激快感！

📸 10:30｜紅沙丘（Red Sand Dunes）拍照留念
前往紅沙丘，感受陽光灑落在沙面上所呈現的金紅色波浪，是美奈最具標誌性的景點之一。可再次體驗滑沙或漫步沙漠邊緣，留下打卡美照。

🎣 11:30｜探訪當地漁村
造訪靠海而生的傳統漁村，觀察當地居民的捕魚生活、圓形竹船（Thung Chai）與漁獲曬乾場，感受原汁原味的越南海岸生活。

🌊 12:30｜午餐時間（自費）＋海邊自由活動
於當地餐廳享用海鮮大餐，餐後可在海灘漫步、拍照或於躺椅上小憩，享受蔚藍海岸帶來的片刻悠閒。

🍃 14:00｜仙女溪（Fairy Stream）自然步道健行
赤腳漫步於柔軟紅土溪流中，沿著仙女溪探索特殊的石灰岩地貌、紅白岩層與綠意盎然的溪畔植物。這是一段如夢似幻的自然洗禮。

📍 15:30｜返回美奈市區，短暫自由活動
可選擇購買伴手禮、飲料或再次造訪心儀景點補拍照片。

🚐 16:00｜搭乘巴士返回胡志明市
整理行李與回憶，搭乘原車返程，預計車程約 4 小時，沿途小憩。

🌆 20:00｜抵達胡志明市，行程圓滿結束
返回指定集合地點，下車解散。結束充實又療癒的一日美奈探索之旅！",1250,21,1,2025/4/19 00:00,2025/5/29 00:00,674,2025/4/15 00:00,NULL,2025/4/12 00:00,2025/4/17 00:00,1
8,【古都與山水】河內出發華閭三谷一日遊｜遊船與歷史文化融合,1,1,1,4,寧平省是遊客短期旅遊的最佳選擇，擁有數十個必遊景點和日益升級的服務，現在其旅遊活動越來越受到人們的關注。此一日遊包括宗教崇拜、划船、歷史和發掘學習。,"走訪越南北部的「陸上下龍灣」──寧平省，深入探索融合壯麗自然與千年古都歷史的華閭與三谷。一日行程中將體驗古都遺跡、寧靜水路與秀麗山巒，乘坐小舟穿越石灰岩洞穴，感受文化與山水交織的獨特魅力！

📅 第1天
🚌 07:30｜從河內出發，前往寧平省
從河內飯店搭乘專車，約 2 小時車程。沿途欣賞北越農村田園風光，綠意盎然，令人心曠神怡。

🏯 09:30｜參觀華閭古都（Hoa Lu Ancient Capital）
抵達後先造訪 10 世紀丁朝與前黎朝的古都遺跡，欣賞古老廟宇建築、歷史雕刻與帝王故事。這裡曾是越南最早的中央集權政權所在地，充滿濃厚歷史氛圍。

⛰️ 11:00｜登訪 Mua Cave（舞洞）觀景台（如行程包含）
爬上 500 階石階後可俯瞰整個三谷壯麗全景，是攝影與打卡熱點（視套餐而定）。

🍴 12:00｜享用越南風味午餐
於當地餐廳享用道地越南餐食，包含炒麵、春捲、當地蔬菜與清爽湯品，補充能量準備下半日探索。

🛶 13:30｜三谷（Tam Coc）搭乘手搖小船遊河
乘坐由當地婦人以腳划槳的傳統竹舟，順流穿梭於三座石灰岩山與蜿蜒河道之間，悠然漂流於如畫山水，途經數個天然鐘乳石洞穴，感受北越自然地貌的壯麗與靜謐。

📸 15:00｜自由拍照與探索河畔村落
下船後可在岸邊小鎮逛逛、購買當地手工藝品、品嚐椰子水或拍照留念，體驗寧平慢生活節奏。

☕ 15:30｜簡單茶點與休息時間
提供當地茶飲與小點心，享受午後陽光與清風，感受遠離都市塵囂的放鬆片刻。

🚐 16:00｜返回河內
結束一整天的豐富行程，搭車返回河內。沿途休息或小憩。

🌇 18:00｜抵達河內市區，行程圓滿結束
回到原集合地點，自由解散，帶著滿滿的回憶結束這趟文化與自然完美融合的一日旅程。",1100,12,1,2025/4/15 00:00,2025/7/24 00:00,547,2025/4/13 00:00,NULL,2025/4/10 00:00,2025/4/13 00:00,1
9,【峴港/會安經典半日遊】靈應寺＋五行山＋猴山小團精緻體驗,1,1,2,7,大理石山、猴子山、靈應寺，深度體驗越南文化與自然魅力，行程豐富精彩不容錯過。,"用半天時間深入探索峴港與會安周邊三大經典景點：靈應寺、五行山與猴山。從壯觀的佛教建築、神秘的洞窟石山到俯瞰海岸的絕美山景，一次體驗越南文化與自然的交融之美，適合想輕旅行又充實的你！

📅 第1天（半日行程）
🕘 08:00｜飯店接駁出發（或13:00 午後行程）
專車至指定集合地點，迎接展開本地導覽小團旅程，專屬貼心導遊陪同。

🏔️ 08:30｜參訪五行山（Marble Mountains）
五行山又稱「大理石山」，由五座石灰岩山組成，象徵金、木、水、火、土五行元素。可探索隱藏於山壁間的洞穴與佛教寺廟，登高可俯瞰峴港海岸美景，石梯、靈洞與祈福香火交織成靜謐氛圍。

🧘 10:00｜靈應寺（Linh Ung Pagoda）參拜
造訪位於山上的靈應寺，供奉著峴港最具代表性的「觀音像」，高達 67 公尺、俯瞰整個美溪海灘，是當地漁民重要的心靈依靠。寺廟莊嚴肅穆，四周山海環抱，氣氛祥和。

🐒 11:00｜猴山探訪（Son Tra Peninsula）
搭車前往山路彎繞的猴山，又稱仙山，這裡常可見到野生獼猴自由穿梭於林中，是攝影與自然愛好者的祕密天堂。站上山頂，可遠眺峴港灣與城市美景，是本地旅人最愛的打卡點之一。

📸 11:30｜觀景與自由拍照時間
在山上短暫停留，享受海風與高處視野，可與觀音像或整座峴港城市合影留念，留下旅程中最獨特的一刻。

🚐 12:00｜返回飯店，行程結束（或17:00 午後場次）
結束精彩半日之旅，返回原出發地。若選擇下午場，時間對應調整為午餐後出發、傍晚返回。",1150,27,1,2025/4/23 00:00,2025/7/20 00:00,320,2025/4/16 00:00,NULL,2025/4/13 00:00,2025/4/17 00:00,1
10,【芽莊海上奇遇】浮潛探險＋迷你沙灘＋海鮮午餐一日遊,1,1,2,8,讓自己迷失在芽莊灣的自然美景中吧，這裡是世界上最美麗的海灣之一。 踏上前往三個原始島嶼的一日遊。 從清澈的海水中浮潛到完美的白色海岸上閒逛，您將被越南頂級的自然景點之一所迷住。,"沉浸在芽莊灣令人驚嘆的自然美景中，展開一段探索三座原始小島的夢幻旅程。從湛藍海水中的浮潛探險，到在私人沙灘上享受陽光與海風，還有道地新鮮的海鮮午餐，一日輕鬆玩遍越南最迷人的海上祕境！

📅 第1天（芽莊出發）
🕘 08:00｜飯店接駁集合，啟程出發
專車接送至芽莊港口，與導遊會合後登上今日的遊艇，開啟海上奇遇冒險！

🚤 09:00｜出航前往第一座島嶼
感受海風吹拂與海天一線的壯麗景緻，航行約 30～40 分鐘抵達首個目的地。

🤿 09:40｜浮潛體驗：珊瑚與熱帶魚的天堂
在清澈見底的海水中浮潛，探索色彩繽紛的珊瑚礁與成群結隊的熱帶魚。專業裝備與教練指導，讓初學者也能安心享受海底世界。

🏖️ 11:00｜迷你沙灘：陽光、海浪與發呆
前往擁有白色細沙的私人沙灘，這裡人煙稀少，是放空與拍照的絕佳地點。可自由選擇日光浴、戲水或在沙灘椅上小憩，遠離城市喧囂。

🦐 12:30｜享用海鮮風味午餐
在海邊享用豐盛的午餐，包含現撈海鮮、越式熱炒與在地小菜，搭配熱帶水果與涼飲，補充滿滿活力。

⛱️ 14:00｜探索第三座島嶼或享受自由活動
可視當天天候安排，造訪第三座島嶼進行輕鬆散步、拍照，或回到沙灘繼續放鬆。每座小島都有不同特色，讓人流連忘返。

🚤 15:30｜啟程返回芽莊港口
結束海上旅程，乘船返回港口，沿途欣賞落日餘暉與海面光影交織的絕美畫面。

🚐 16:30｜飯店下車，行程圓滿結束
專車送返至原住宿地點，留下充實難忘的一天回憶。",1300,8,1,2025/7/14 00:00,2025/8/13 00:00,789,2025/7/4 00:00,NULL,2025/6/29 00:00,NULL,1
11,【首都精選】河內城市文化探索全日遊｜含地道午餐,1,1,1,1,河內城市一日遊讓遊客可以參觀保存完好的殖民時期建築、古塔、寺廟和獨特的博物館等。,"深入探索越南的首都——河內，一座融合歷史與現代的迷人城市。您將漫步於殖民時期的街道之中，造訪經典古蹟、佛寺與重要地標，還能品嚐地道河內美食，是認識越南文化的絕佳一日行程！

📅 第1天（河內市區探索）
🕘 08:00｜飯店接送，開始文化探索
從河內飯店出發，專車接送與導遊會合，展開一天的首都文化之旅。

🏯 08:30｜文廟：越南最古老的大學
參觀始建於公元1070年的文廟，這裡是紀念孔子與教育的聖地，園內滿布古樹與傳統建築，是了解越南儒學文化的最佳場所。

📜 10:00｜胡志明陵寢與主席府區域
參觀越南國父胡志明的陵寢外觀（視開放時間），接著步行前往胡志明故居、主席府、獨柱寺，認識這位備受愛戴的領袖生平與歷史。

🏙️ 11:30｜36古街：舊城區漫步
漫步於熱鬧的 36 古街，欣賞融合法式與越式風情的建築群。這裡商店林立、街邊攤販熱鬧，是感受老河內活力與市井文化的地方。

🍜 12:30｜享用地道越式午餐
在當地特色餐館享用正宗越南料理，如河內牛肉河粉、越式春捲，搭配新鮮熱湯與甜點，體驗地道飲食文化。

🕌 14:00｜鎮國寺：河畔的千年古剎
造訪座落於西湖之上的鎮國寺，這座歷史超過1400年的佛寺是河內最古老的佛教聖地，環境清幽，是冥想與攝影的好去處。

🖼️ 15:00｜越南民族學博物館（或軍事歷史博物館）
視當天安排參觀其中一間博物館，深入了解越南54個民族的文化多樣性，或是探索越戰歷史與相關展品。

🎭 16:30｜還劍湖自由漫步＋可選水上木偶戲（自費）
最後來到市中心的還劍湖，可選擇觀賞傳統的越南水上木偶戲（如開演時間允許），或在湖畔咖啡館享受午後時光。

🚐 17:30｜返回飯店，行程結束
專車接送返回原住宿地點，結束充實的一天。",950,26,1,2025/3/21 00:00,2025/7/19 00:00,154,2025/3/20 00:00,NULL,2025/3/16 00:00,2025/3/18 00:00,1
12,【靈山之旅】香水寶塔遊船一日遊｜河內出發｜心靈洗滌之旅,1,1,1,1,從您在河內的住宿出發，在一日遊中探索香水塔建築群。搭乘竹船順顏溪而下到達寶塔山腳下，參觀香地洞。,"沉浸於寧靜山水與宗教信仰交織的香水寶塔之旅。這條從河內出發的一日路線，結合划船、健行與參拜，是一趟身心靈的洗滌之旅，也是深入了解越南佛教文化的機會。🌿⛩️

📅 第1天（香水寶塔一日探索）
🕘 07:30｜飯店接送，前往香山地區
從河內市區搭乘巴士出發，約兩小時車程前往位於河內西南方約60公里的「香山風景區」。

🚣 09:30｜搭乘竹製小舟，順顏溪前行
在當地碼頭換乘傳統竹船，順著顏溪靜靜滑行。兩岸風景如畫，翠綠群山倒映水中，是攝影與沉靜欣賞自然的好時機。

⛩️ 10:30｜參觀天廟（Den Trinh）
靠岸後首先參觀「天廟」，是香山景區的第一座建築，也是進入寶塔群的起點，象徵著旅程的開端與心靈的淨化。

🥾 11:00｜健行前往香地洞寶塔（Huong Tich Cave Pagoda）
沿著山道健行約1小時，可選擇步行或付費搭乘纜車上山。沿途山林環繞，空氣清新，是與大自然親密接觸的體驗。

🕍 12:00｜香地洞寶塔參拜
抵達香水寶塔最核心的香地洞，這座坐落在天然鐘乳石洞內的佛塔，被譽為「北越第一洞」，洞內供奉觀音佛像、香火鼎盛。洞中涼爽寧靜，佛音繚繞，是洗滌內心雜念的聖地。

🍴 13:00｜享用當地特色午餐
返回山下餐廳享用越南家常午餐，包含炒河粉、蔬菜、滷肉及水果甜點，簡單但美味。

📸 14:30｜自由活動與拍照時光
餐後可於溪邊或天廟周邊自由活動，拍攝風景、採買紀念品，或靜靜感受佛教聖地的祥和氛圍。

🚐 15:30｜返回河內市區
集合上車，沿原路返回河內，途中小歇。

🏠 17:30｜抵達飯店，結束靈山之旅
回到河內住宿，為這趟心靈洗滌的香山寶塔之旅劃下完美句點。",1000,27,1,2025/3/21 00:00,2025/7/13 00:00,109,2025/3/14 00:00,NULL,2025/3/11 00:00,NULL,1
13,【吉普車深度體驗】會安當地生活文化＋在地美食探索之旅,1,1,2,7,會安吉普車之旅:鄉村生活、稻田、工藝品、當地美食。真實的越南探險。,"搭上復古軍用吉普車，展開一場穿越會安鄉村的深度之旅。從綠油油的稻田、傳統工藝村落，到品嚐地道小吃，這是一次結合自然、人文與美食的真實越南探索。🌾🍜

📅 第1天（會安文化＋美食探索一日遊）
🕘 08:00｜飯店接駁，出發探索
專車接送後，換乘經典敞篷吉普車，正式啟程！迎著微風穿越寧靜村落，享受慢活節奏的美好開場。

🌾 08:30｜漫遊稻田與鄉間小道
穿梭於綠意盎然的稻田間，導遊將介紹會安農村生活的演變與現況，途中可與當地農夫互動，體驗插秧或灌溉。

🎨 09:30｜造訪傳統工藝村：竹編＆陶藝示範
來到傳統工藝村，參觀竹編工坊與陶藝工作室，親手試作竹籃或小陶壺，感受代代相傳的職人精神。

🛶 10:30｜體驗圓籃船（Thung Chai）划行之樂
前往椰林小溪，搭乘越南特色圓籃船，在當地漁夫指導下學習划行技巧，並體驗「轉圈秀」的樂趣與驚呼。

🍴 12:00｜在地料理午餐體驗
來到鄉村家庭餐廳，享用會安特色料理，如高樓麵（Cao Lau）、白玫瑰水餃與新鮮草本飲品。每道菜皆採當地食材烹調，風味純樸卻讓人回味無窮。

📸 13:30｜鄉村景點自由拍照時光
飯後可漫步於村內，拍攝小橋流水、古厝與鄉民生活日常，也可向導遊請教在地故事，感受濃厚人情味。

🛻 14:30｜吉普車環繞返回市區
在午後陽光下，搭乘吉普車繞經不同鄉道與景觀路線，沿途享受會安鄉間風光與微風拂面。

🏠 15:30｜返回飯店，結束豐富旅程
抵達會安住宿地，結束精彩又溫馨的文化探索日。",1350,17,1,2025/7/18 00:00,2025/8/15 00:00,222,2025/7/11 00:00,NULL,2025/7/6 00:00,2025/7/8 00:00,1
14,【浪漫海上日落】富國島夕陽巡航＋夜釣魷魚趣味體驗,1,1,4,14,沉浸在越南富國島令人讚嘆不已的日落中，在星空下體驗夜釣魷魚。通過 預訂，用自己的方式探索富國島！,"富國島不只白天美如畫，夜晚同樣精彩！這趟行程帶您乘船迎接絢爛日落，品嚐海上晚餐，並體驗趣味滿點的夜釣魷魚。浪漫與冒險兼具，是情侶、朋友、家庭都適合的海上活動！🎣✨

📅 第1天（富國島海上夕陽＋夜釣體驗）
🕓 15:00｜飯店接駁，前往碼頭集合
專車至您下榻的飯店接送，前往富國島南部指定碼頭，開始今日的海上之旅。

🛥️ 15:30｜啟航，展開巡航旅程
搭上舒適的觀光船，航向富國島外圍海域。隨著海風輕拂，導遊將為您介紹本地的自然與人文風貌。

📸 16:30｜拍攝夕陽絕景，享受船上點心
太陽逐漸西下，海面染上金橙色。船上將供應簡單的點心與飲品，讓您在夕陽下盡情放鬆、拍照打卡。

🍽️ 17:30｜享用船上海鮮風味晚餐
品嚐當地現撈的海鮮料理，餐點包含炸魷魚、燒烤蝦、越南炒飯與當季水果，搭配飲品一同享用，海上晚餐氣氛滿分！

🎣 18:30｜夜釣魷魚體驗開場
在漁夫與導遊協助下，開始夜釣魷魚體驗。您將學習使用燈光吸引魷魚的方法，並可實際操作釣具，是趣味與挑戰並存的體驗。

🦑 19:30｜收穫時光＆互動交流
若幸運釣到魷魚，將可立即體驗簡單料理方式（視當天狀況而定）。可與其他旅客交流分享，氣氛熱絡。

🛳️ 20:00｜返回碼頭，送返飯店
結束愉快的一日海上體驗，專車將您送回飯店，夜色中回味這段浪漫又難忘的富國島之夜。",1600,14,1,2025/4/25 00:00,2025/7/18 00:00,718,2025/4/16 00:00,NULL,2025/4/11 00:00,NULL,1
15,【打卡熱點全收錄】巴拿山金橋天空步道全日遊｜景觀纜車含餐,1,1,2,6,全天探索巴拿山之旅 － 峴港獨特的旅遊目的地。有纜車、豐富多彩的文化節、美食節目和許多其他有趣的事情。,"一日暢遊越南峴港最受歡迎的景點之一 —— 巴拿山！搭乘世界知名纜車登頂，走訪夢幻金橋、法式村莊與靈應寺，還可品嚐當地豐富自助餐🍴。適合家庭、朋友與情侶的經典旅程，打卡熱點一次收錄📸！

📅 第1天（峴港出發｜巴拿山全日遊）
🕗 08:00｜飯店接駁集合
於峴港市中心指定飯店等候接駁，專車將帶您前往巴拿山山腳，開啟今日的山上探險之旅。

🚡 09:00｜搭乘世界紀錄纜車登山
乘坐世界最長單線纜車之一，沿途欣賞群山與森林交織的壯麗景色⛰️，一路通往雲霧繚繞的巴拿山頂。

🌉 09:30｜參觀金橋（Golden Bridge）
來到必拍地標「金橋」，由兩隻巨大石手托起的金色步道，猶如凌空漂浮，讓人彷彿走入童話世界✨。

🏞️ 10:30｜探索 Le Jardin D’Amour 愛之花園與靈應寺
參觀由九個不同主題花園組成的愛之花園，漫步花海間感受浪漫氛圍。接著造訪靈應寺，體驗寧靜與莊嚴🙏。

🏰 11:30｜漫遊法國村（French Village）
踏入重現中世紀歐洲風情的法國村，欣賞石板街道、哥德式教堂與歐式建築，絕佳拍照場景不容錯過📷。

🍽️ 12:30｜享用自助午餐
於山頂指定餐廳享用豐盛自助午餐，菜色融合越南與國際風味，滿足各式口味需求（餐廳視實際安排為主）。

🎠 13:30｜Fantasy Park 樂園自由玩樂
進入亞洲最大室內遊樂場之一的 Fantasy Park，包含虛擬實境體驗、迷宮、射擊遊戲與遊戲機，適合親子同樂🎮。

⛲ 15:00｜探索月亮城堡與日蝕廣場（視當天開放情況）
前往最新開放的魔幻主題區域，欣賞融合科技與幻想的建築設計，如有時間可搭乘熔岩列車前往更多奇幻景點。

📷 16:00｜最後拍照、購買紀念品
在返回前把握最後自由時間，可在山上咖啡廳稍作休息，或購買特色紀念品帶回美好回憶。

🚡 16:30｜搭乘纜車下山
搭乘纜車緩緩下山，俯瞰峴港城市景觀與綠意盎然的山谷，結束夢幻的一日遊。

🚌 17:30｜送返飯店，結束行程
專車接送返回原飯店，帶著滿滿美照與回憶，結束這趟打卡景點全收錄的旅程！",1700,28,1,2025/3/22 00:00,2025/7/17 00:00,699,2025/3/18 00:00,NULL,2025/3/11 00:00,2025/3/15 00:00,1
16,【峴港尊爵專屬】太陽世界巴拿山私人行程｜金橋＋樂園輕鬆玩,1,1,2,6,搭乘專車前往巴拿山，有導遊陪同，可自由安排時間。探索金橋的引人注目的建築，並沉浸在法國村中。,"此趟行程為您安排專車接送與專業導遊全程陪同，輕鬆享受巴拿山的獨特魅力！不僅能悠閒漫步在世界知名的金橋上，更能探索法國村莊、Fantasy Park 樂園與靈應寺的寧靜氛圍⛰️。全日自由彈性安排，無需跟團催促，最適合想要慢活、深度體驗的旅客🌟。

📅 第1天（私人專屬・峴港出發）
🕗 08:30｜專車接送，出發前往巴拿山
專屬司機準時在飯店接送，舒適專車讓您一路輕鬆直達山腳纜車站。沿途導遊簡介今日行程亮點📍。

🚡 09:30｜搭乘世界知名纜車登山
乘坐擁有世界紀錄的單線纜車，感受穿越森林與雲海的夢幻旅程⛅，逐漸接近位於山巔的奇幻王國。

🌉 10:00｜漫步金橋（Golden Bridge）
到達山頂後，首站參觀知名地標「金橋」！由巨大石手撐起的金色長橋，遠眺山谷與雲海，拍照打卡美到不行📸。

🪷 10:45｜探索 Le Jardin D’Amour 愛之花園 & 靈應寺
走進九個主題花園，沉浸於繽紛花卉與歐式雕像中🌸。接著參拜靈應寺，參觀高達 27 公尺的白玉佛像，體驗身心寧靜。

🏰 11:30｜法國村自由時間 & 午餐
抵達仿中世紀的法國村，自由拍照、購物與享用午餐（可於指定餐廳享用自助餐，或與導遊討論在地特色料理選項）🍽️。

🎠 13:00｜Fantasy Park 樂園歡樂時光
在亞洲最大室內遊樂園之一盡情玩樂🎢，包含3D/VR 虛擬體驗、迷宮探險、碰碰車等設施，大人小孩都能找到樂趣！

🏯 14:30｜探索月亮城堡與日蝕廣場（可選）
若時間允許，可與導遊一同前往新開放區域「日蝕廣場」與「月亮城堡」，感受充滿魔幻與科技元素的設計🏰。

☕ 15:30｜山上咖啡廳放鬆片刻
找一處高地咖啡廳，點杯越式濾滴咖啡或果汁，俯瞰整個峴港灣與層疊山巒，享受片刻寧靜。

🚡 16:30｜下山 & 返回峴港飯店
乘坐纜車返回山腳，專車於出口等候接送您回飯店，結束一日尊爵私人旅程🚐。",1900,40,1,2025/4/25 00:00,2025/6/3 00:00,709,2025/4/4 00:00,NULL,2025/6/29 00:00,2025/7/3 00:00,1
17,【雙地精華探險】古芝地道＋湄公河一日深度體驗｜胡志明出發,1,1,3,10,探索古芝地道與湄公河三角洲，深入了解越戰歷史與南越水鄉風情，適合歷史與文化探索者。,"這趟行程結合歷史與文化兩大主軸，一日內走訪越戰時期的重要遺跡「古芝地道」，並深入湄公河三角洲，感受南越熱帶水鄉的生活風情，是認識越南的絕佳起點📚🌴。

📅 第1天（胡志明市出發）
🕗 07:30｜飯店接送・前往古芝地道
專車接您從胡志明市出發，前往距市區約 60 公里的古芝地道。沿途導遊講解越戰歷史背景，為即將開始的旅程鋪陳氛圍🚐。

🕘 09:00｜探訪古芝地道遺跡
抵達後，進入這個長達 220 公里的地道網絡🏚️。觀賞地道入口、陷阱、彈藥儲藏室與模擬的地下廚房，還可親自嘗試鑽入窄小地道，體驗士兵生活的艱辛。

🕦 11:00｜返回胡志明市・午餐時間
返回市區，於在地餐廳享用越南風味午餐🍲，補充體力準備下半日行程。

🕐 13:00｜出發前往湄公河三角洲（美拖區）
搭車前往湄公河沿岸，踏上熱帶水鄉的探索之旅。景色宜人，處處可見水椰林與傳統木船⛵。

🕑 14:00｜搭船遊湄公河・造訪當地村落
乘坐手搖小舟穿梭水道，探訪蜂蜜園、椰糖工坊與傳統音樂表演🎶。品嚐熱帶水果、蜂蜜茶，體驗純樸生活。

🕓 16:00｜返回胡志明市
結束一整天的歷史與文化探索之旅，專車送您返回市區，留下豐富的回憶與故事🚌。",1400,17,1,2025/3/4 00:00,2025/3/25 00:00,825,2025/2/25 00:00,NULL,2025/2/17 00:00,2025/2/18 00:00,1
18,【自然與野趣結合】芹苴紅樹林＋猴島一日遊｜胡志明市往返,1,1,3,13,一日走訪芹苴紅樹林與猴島，體驗自然生態與輕冒險路線，是胡志明市出發的熱門探索行程。,"這趟行程融合了自然觀察與輕探險體驗，帶您從胡志明市出發，一日遊覽芹苴紅樹林與猴島。途中將深入紅樹林濕地、與野生猴群互動，感受南越生態之美與原始森林的寧靜🌳🐒。

📅 第1天（胡志明市出發）
🕗 07:00｜專車接送出發・前往芹苴
從胡志明市搭乘舒適專車出發，約 2.5 小時抵達芹苴紅樹林保護區🚐。沿途導遊將介紹紅樹林生態與在地保育計畫。

🕘 09:30｜漫步紅樹林生態保護區
走進被濕地環繞的紅樹林步道，觀察獨特植物與水生動物🐾。在木棧道上靜靜聆聽鳥鳴與蟲鳴，享受與自然共處的時光。

🕚 11:00｜搭船前往猴島
乘船穿越濕地水道，前往著名的猴島（Dao Khi）。這裡棲息著數百隻野生猴子，是旅客拍照與互動的熱點📸🐵。

🕛 12:00｜在地午餐享用特色河鮮料理
於在地餐廳享用新鮮河魚、椰子飯與當地蔬菜，體驗地道風味美食🍽️。

🕐 13:30｜自由活動與探索
可選擇租借自行車於島上巡遊，或在涼亭下休憩，遠眺紅樹林與小河，悠閒度過午後時光🚲。

🕒 15:00｜返回胡志明市
結束自然療癒的一日旅程，專車送您回到胡志明市，為這趟旅程畫下滿足的句點🚌。",1350,26,1,2025/4/14 00:00,2025/7/9 00:00,92,2025/3/28 00:00,NULL,2025/6/20 00:00,2025/6/22 00:00,1
19,【軍事歷史＋河畔下午茶】古芝地道＋實彈體驗＋水上巴士輕旅,1,1,3,10,胡志明必玩雙重體驗，一次滿足，古芝地道世界知名的越戰遺址，距離市區約 75 公里，擁有綿延 250 公里的地下通道。輕鬆搭乘水上巴士，彷彿瞬間漫遊法國塞納河或義大利威尼斯，悠閒享受城市河岸風光與下午茶時光，絕對是旅途中別具特色的一站。,"融合歷史探訪與悠閒景致，一日內完成兩種不同風格的旅遊體驗✨。從胡志明市出發，深入越戰歷史的核心——古芝地道，並透過水上巴士欣賞城市水岸風光，最後享受悠閒的下午茶時光☕。

📅 第1天（胡志明市出發）
🕗 07:30｜專車接送前往古芝地道
從市區飯店搭乘空調專車出發，約 1.5 小時車程前往古芝地道，導遊沿途講解地道的歷史背景與戰爭故事🚐。

🕘 09:00｜探訪古芝地道・地底軍事奇蹟
探索這條綿延達 250 公里的地下通道，了解越共軍隊如何在地下生活、藏身與作戰。體驗擠身狹窄地道，感受歷史的真實震撼🔦。

🕙 10:30｜實彈射擊體驗（自選）
有興趣的旅客可加價體驗射擊 AK47 等步槍，在安全設施內感受真槍後座力與聲響🔥（選擇性體驗，需現場報名）。

🕛 12:00｜返回市區・搭乘水上巴士
告別古芝後，乘車返回胡志明市水上巴士碼頭，搭乘現代化的河上交通工具，穿越西貢河，彷彿遊覽塞納河或威尼斯運河⛴️。

🕐 13:30｜河畔咖啡廳享用下午茶
在西貢河畔的咖啡廳停靠片刻，享用風味飲品與甜點。遠離塵囂的午後，伴隨河風與船影，體驗不一樣的胡志明☕🍰。

🕒 15:00｜返回飯店・行程結束
結束兼具知性與愜意的一日遊行程，由專車送返市區住宿點，留下難忘的回憶🚌。",8800,17,1,2025/3/10 00:00,2025/4/13 00:00,437,2025/3/2 00:00,NULL,2025/2/25 00:00,2025/2/28 00:00,1
20,【奢華雙版本】下龍灣海星六星遊輪｜3天2夜,1,2,1,2,下龍灣海星六星遊輪行程提供3 天 2 ，享受豪華旅遊體驗，給你最獨特的旅行！,"下龍灣，世界自然遺產中的瑰寶，這次您將登上海星六星級豪華遊輪展開 3 天 2 夜的夢幻之旅。由河內出發，行程專為外籍旅客設計，途經奇岩怪石、浮動漁村與秘境海灣，結合舒適住宿與精緻料理，打造頂級郵輪假期🌟。

🛳️ 第1天｜河內 ➤ 下龍灣
🕗 08:00｜飯店接送（河內出發）
於指定時間在河內市區集合，搭乘專車前往下龍灣碼頭，車程約 2.5～3 小時🚌。

🕛 12:00｜登船手續與歡迎午宴
抵達後辦理登船手續，歡迎飲料與簡介安全須知。開航後立即享用船上主廚準備的海鮮午餐，飽覽海景用餐🍤。

🕐 14:30｜驚艷天宮洞探險
遊船停靠天宮洞碼頭，登陸探索這座鐘乳石千姿百態的天然洞穴，是下龍灣最著名的觀光地點之一🪨。

🕓 16:00｜划獨木舟體驗／游泳活動
抵達靜謐水域，旅客可選擇划獨木舟或在潔淨海灣中游泳，享受寧靜與自然的擁抱🚣‍♀️🏊‍♂️。

🕕 18:00｜日落派對＋手作春捲教學
甲板提供小吃與飲品，與旅伴共賞夕陽美景。主廚示範越式春捲製作，親手體驗樂趣🌅🥢。

🕗 19:30｜豪華晚宴與自由活動
享用豐富越式晚餐後，可選擇卡拉 OK、夜釣魷魚或躺在甲板上觀星，享受寧靜的夜晚🌃。

🌄 第2天｜深度巡航與秘境探訪
🕗 06:30｜晨間太極課程與早餐
於甲板體驗太極運動，呼吸清新海風後享用自助式早餐☀️🧘‍♀️。

🕘 08:00｜前往巴島自然保護區探索
搭乘小船登陸探索巴島，進行輕度徒步登高，俯瞰整個下龍灣奇景⛰️。

🕛 12:00｜回船午餐與休息時間
返回遊輪享用午餐後可在房間短暫休息或至露天甲板曬太陽放鬆身心☕。

🕒 15:00｜參觀浮動漁村／珍珠農場
深入下龍灣人文生活面貌，參觀世代生活於水上的漁村與珍珠養殖場，認識當地文化🐚。

🕔 17:30｜黃昏酒會＋海景合影
日落時刻再次於甲板聚會，攝影師提供旅客拍攝合影服務，留下最美回憶📸。

🕗 19:00｜主廚晚宴＋燈光船宴
晚餐升級為主廚精選菜色，並於船內觀賞燈光表演或與新朋友交流🥂。

🌅 第3天｜下龍灣 ➤ 河內
🕗 06:00｜日出欣賞與輕食早餐
早起在甲板欣賞壯麗日出，享用輕食與咖啡🥐🌄。

🕘 08:00｜退房手續與道別合影
整理行李並辦理退房，與船員合照留念👋。

🕙 10:30｜返抵下龍碼頭＋回程河內
搭乘接駁車返回河內，結束充實愉快的三天郵輪行程🚌。",5200,32,3,2025/4/4 00:00,2025/7/14 00:00,363,2025/3/1 00:00,NULL,2025/6/28 00:00,2025/7/1 00:00,1
